Institution,Address,Country 
3DInteractive,"Am Vogelherd 10, 98693 Ilmenau, Germany",Germany
"4Brain, Department of Neurology, Ghent University Hospital","Corneel Heymanslaan 10, 9000 Gent, Belgium",Belgium
A.P. Møller - Mærsk A/S,"Esplanaden 50, 1098 København K",Denmark
AAL Association,"Rdpt Robert Schuman 2, 1040 Bruxelles, Belgium",Belgium
Aalborg University,"Fredrik Bajers Vej 7K, 9220 Aalborg Øst",Denmark
Aalborg Zoo,"Mølleparkvej 63, 9000 Aalborg",Denmark
Aalto University,"Otakaari 24, 02150 Espoo, Finland",Finland
Aarhus kommune,"Rådhuspladsen 2, 8000 Aarhus, Denmark",Denmark
Aarhus School of Architecture,"Exners Plads 7, 8000 Aarhus",Denmark
Aarhus Universitetshospital,"Palle Juul-Jensens Blvd. 99, 8200 Aarhus, Denmark",Denmark
Aarhus University,"Nordre Ringgade 1, 8000 Aarhus Centrum",Denmark
ABB,"Zürich, Switzerland",Switzerland
ABB Corporate Research Center,"Starowiślna 13A, 31-038 Kraków, Poland",Poland
ABB Corporate Research Center Germany,"Segelhofstrasse 30-34, 5405 Baden, Switzerland",Switzerland
Abertay University,"Bell St, Dundee DD1 1HG, UK",UK
"Academic Center for Epileptology Kempenhaeghe and Maastricht University Medical Center, Heeze and Maastricht","P. Debyelaan 25, 6229 HX Maastricht, Netherlands",Netherlands
Accenture A/S,"Bohrsgade 35, Copenhagen V, 1799 København",Denmark
Accenture Bengaluru Innovation Hub,"Park, Building 14, Pritech Rd, Adarsh Palm Retreat, Bellandur, Bengaluru, Karnataka 560103, India",India
Access Microfinance Holding AG,"Berlin, Germany",Germany
ACE Centre,"Hollinwood Business Centre, Albert St, Hollinwood, Failsworth, Oldham OL8 3QL, UK",UK
Adam Mickiewicz University in Poznań,"Wieniawskiego 1, 61-712 Poznań, Poland",Poland
Addis Ababa University,"NBH1, 4killo King George VI St, Addis Ababa, Ethiopia",Ethiopia
Agribuddy Ltd.,"48 Cameron Rd, Tsim Sha Tsui, Hong Kong, China",China
"AHO The Oslo School of Architecture and Design, Norway","Maridalsveien 29, 0175 Oslo, Norway",Norway
AI Denmark,"Gregersensvej 1, 2630 Taastrup, Denmark",Denmark
Airbnb,"San Francisco, California, USA",USA
Aix-Marseille University,"Jardin du Pharo, 58 Boulevard Charles Livon, 13007 Marseille, France",France
Al Ain University of Science and Technology,"Al Jimi, Near Al Ain Municipality, Al Ain - Abu Dhabi - United Arab Emirates",United Arab Emirates
Al Jazeera Media Network,"Doha, Qatar",Qatar
Alexander von Humboldt Institut für Internet und Gesellschaft,"Französische Str. 9, 10117 Berlin, Germany",Germany
Alexandra Instituttet A/S,"Åbogade 34, 8200 Aarhus",Denmark
Alexandria University,"22 El-Gaish Rd, Al Azaritah WA Ash Shatebi, Bab Sharqi, Alexandria Governorate 5424041, Egypt",Egypt
Alfréd Rényi Institute of Mathematics,"Budapest, Reáltanoda utca 13-15, 1053 Hungary",Hungary
Alibaba Group,"Hangzhou, China",China
Allen Institute for AI,"2100 N 34th St, Seattle, WA 98103, USA",USA
Amador Bioscience,"Kempische Steenweg 293/16, 3500 Hasselt, Belgium",Belgium
"Amazon.com, Inc.","Seattle, Washington, USA",USA
Amrita Vishwa Vidyapeetham,"Amrita University, Amritanagar, Ettimadai, Tamil Nadu 641112, India",India
Ange Optimization,"Tagensvej 188, 2400 København",Denmark
"Applied research, technology and innovation","Forskningsveien 1, 0373 Oslo, Norway",Norway
Aristotle University of Thessaloniki,"Thessaloniki 541 24, Greece",Greece
Arizona State University,"1151 S Forest Ave, Tempe, AZ, USA",USA
Artanim Foundation,"Chem. du Grand-Puits 40, 1217 Meyrin, Switzerland",Switzerland
Arup,"London, UK",UK
ASPL Pty Ltd,"14b Loch Ave, St Kilda East VIC 3183, Australia",Australia
Association of Electronic Waste Producer Responsibility Organisations,"Blvd Auguste Reyers 80, 1030 Brussels, Belgium",Belgium
AstraZeneca,"Johanne Møllers Passage 1, 4, 1799 København VKøbenhavn",Denmark
Athens University of Economics and Business,"28is Oktovriou 76, Athina 104 34, Greece",Greece
Auckland University of Technology,"55 Wellesley Street East, Auckland CBD, Auckland 1010, New Zealand",New Zealand
Audencia School of Management and Communication,"8 Rte de la Jonelière, 44300 Nantes, France",France
Australian National University,"Canberra ACT 2601, Australia",Australia
Austrian Institute for Applied Telecommunications,"Ungargasse 64-66, 1030 Wien, Austria",Austria
Austrian Science Fund,"Georg-Coch-Platz 2, 1010 Wien, Austria",Austria
Autodesk Inc,"San Francisco, California, USA",USA
Autonomous University of Barcelona,"Plaça Cívica, 08193 Bellaterra, Barcelona, Spain",Spain
Avanade Norway AS,"Rådhusgata 27, 0158 Oslo, Norway",Norway
Babeș-Bolyai University,"Strada Mihail Kogălniceanu 1, Cluj-Napoca 400347, Romania",Romania
Banard College,"3009 Broadway, New York, NY 10027, USA",USA
Bangor University,"Gwynedd LL57 2DG, UK",UK
Bar-Ilan University,"Ramat Gan, 5290002, Israel",Israel
BBC Research & Development,"The Lighthouse, 201 Wood Ln, London W12 7TQ, UK",UK
Beijing Institute of Technology,"China, Bei Jing Shi, Haidian District, 魏公村中关村大街5号 邮政编码: 100811",China
Beijing Language and Culture University,"15 Xueyuan Road, Haidian District, Beijing 100083, China",China
Beijing University of Posts and Telecommunications,"10 Xitucheng Rd, Beitaipingzhuang, Haidian District, Beijing, China, 100876",China
Berliner Hochschule für Technik,"Luxemburger Str. 10, 13353 Berlin, Germany",Germany
Bern University of Applied Sciences,"Brückenstrasse 73, 3005 Bern, Switzerland",Switzerland
Beskæftigelsesministeriet,"Holmens Kanal 20, 1060 København, Denmark",Denmark
Beuth University of Applied Sciences Berlin,"Luxemburger Str. 10, 13353 Berlin, Germany",Germany
Bharati Vidyapeeth,"Bharati Vidyapeeth Bhavan, Lal Bahadur Shastri Rd, Joshi Wada, Sadashiv Peth, Pune, Maharashtra 411030, India",India
BI Norwegian Business School,"Nydalsveien 37, 0484 Oslo, Norway",Norway
Bielefeld University of Applied Sciences,"Hochschule Bielefeld, Interaktion 1, 33619 Bielefeld, Germany",Germany
Bilkent University,"Üniversiteler, 06800 Çankaya/Ankara, Türkiye",Turkey
Biomediq A/S,"Fruebjergvej 3, 2100 København, Denmark",Denmark
Blackwood Seven Danmark A/S,"Livjægergade 17B, 3. floor, 2100 København",Denmark
Blast Theory,"Unit 5, 20 Wellington Rd, Brighton and Hove, Brighton BN41 1DN, UK",UK
Blekinge Institute of Technology,"Valhallavägen 10, 371 79 Karlskrona, Sweden",Sweden
BMW Group Plant Leipzig,"BMW-Allee 1, 04349 Leipzig, Germany",Germany
Bocconi University,"Via Roberto Sarfatti, 25, 20136 Milano MI, Italy",Italy
Børneernæring og international ernæring,"Islands Brygge 67, 2300 København, Denmark",Denmark
Börse Stuttgart,"Börsenstraße 4, 70174 Stuttgart, Germany",Germany
Bosch Center for AI,"Robert-Bosch-Platz 1, 70839 Gerlingen, Germany",Germany
Brainbot Technologie AG,"Taunusstraße 61, 55120 Mainz, Germany",Germany
"Bremen Institute for Transmedial Textuality, Bremen University","Bibliothekstraße 1, 28359 Bremen, Germany",Germany
"Bremen, Research and Technology Group","Bibliothekstraße 1, 28359 Bremen, Germany",Germany
Brunel University London,"Kingston Ln, London, Uxbridge UB8 3PH, UK",UK
BTK – Art & Design Berlin,"Dessauer Str. 3-5, 10963 Berlin, Germany",Germany
CA Technologies,"New York, New York, USA",USA
CAD Limburg,"Gasthuisstraat 18, 3620 Lanaken, Belgium",Belgium
California College of the Arts,"145 Hooper St, San Francisco, CA 94107, USA",USA
California State University,"1250 Bellflower Blvd, Long Beach, CA 90840, USA",USA
Canada Energy Regulator,"517 10 Avenue SW, Calgary, Alberta, T2R 0A8, Canada ",Canada 
Canva,"Sydney, Australia",Australia
Cape Peninsula University of Technology,"Hanover St, District Six, Cape Town, 7925, South Africa",South Africa
Capgemini,"11 Rue de Tilsitt, 75017 Paris, France",France
Cardiff University,"Cardiff CF10 3AT, UK",UK
Carleton University,"1125 Colonel By Dr, Ottawa, ON K1S 5B6, Canada",Canada
Carlsberg Foundation,"H. C. Andersens Blvd. 35, 1553 København, Denmark",Denmark
Carnegie Mellon University,"5000 Forbes Ave, Pittsburgh, PA 15213, USA",USA
Catholic University of the Sacred Heart,"Largo Fra Agostino Gemelli, 1, 20123 Milano MI, Italy",Italy
CENTAI,"C.so Inghilterra, 10138 Torino TO, Italy",Italy
"Center for Crisis and Disaster Psychiatry, Mental Health Services of the Capital Region of Denmark","Digevej 110, 2300 København",Denmark
Central European University,"Quellenstraße 51, 1100 Wien, Austria",Austria
Centre for Social Innovation,"192 Spadina Ave., Toronto, ON M5T 2C2, Canada",Canada
CERSA/CNRS France,"3 Rue Michel Ange, 75016 Paris, France",France
Chalmers University of Technology,"Chalmersplatsen 4, 412 96 Göteborg, Sweden",Sweden
Charité – Universitätsmedizin Berlin,"Charitépl. 1, 10117 Berlin, Germany",Germany
Charles Darwin University,"Ellengowan Dr, Casuarina NT 0810, Australia",Australia
Charles University,"Opletalova 38, 110 00 Staré Město, Czechia",Czechia
Chattogram Medical University,"Dhaka - Chittagong Hwy, Salimpur, Bangladesh",Bangladesh
Chemnitz University of Technology,"Str. der Nationen 62, 09111 Chemnitz, Germany",Germany
China University of Mining and Technology,"X8XX+6F3, Wudaokou, Haidian District, China, 100083",China
Chinese Academy of Sciences,"52 Sanlihe Rd, Xicheng District, Beijing, China, 100045",China
"CIRAD, UMR TETIS,","500 Rue Jean François Breton, 34000 Montpellier, France",France
Cisco,"San Jose, California, USA",USA
CISPA Helmholz Center for Information Security,"Stuhlsatzenhaus 5, 66123 Saarbrücken, Germany",Germany
City University of New York,"New York, New York, USA",USA
"City, University of London","Northampton Square, London EC1V 0HB, UK",UK
Clausthal University of Technology,"Adolph-Roemer-Straße 2A, 38678 Clausthal-Zellerfeld, Germany",Germany
Clemson University,"105 Sikes Hall, Clemson, SC 29634, USA",USA
CNRS - Centre national de la recherche scientifique,"3 Rue Michel Ange, 75016 Paris, France",France
College of William & Mary,"200 Stadium Dr, Williamsburg, VA 23185, USA",USA
Cologne Game Lab,"Schanzenstraße 28, 51063 Köln, Germany",Germany
Cologne University of Applied Sciences,"Ubierring 48, 50678 Köln, Germany",Germany
Colorado School of Mines,"1500 Illinois St, Golden, CO 80401, USA",USA
Columbia University,"116th and Broadway, New York, NY 10027, USA",USA
Computer Science Laboratory of the École polytechnique,"Rte de Saclay, 91120 Palaiseau, France",France
Concordia University,"1455 Blvd. De Maisonneuve Ouest, Montreal, Quebec H3G 1M8, Canada",Canada
Configit,"Midtermolen 3, 2100 København",Denmark
Constructor University,"Campus Ring 1, 28759 Bremen, Germany",Germany
Copenhagen Business Academy,"Nansensgade 19, 1366 København K",Denmark
Copenhagen Business School,"Solbjerg Pl. 3, 2000 Frederiksberg",Denmark
Copenhagen Institute of Interaction Design,"Trekronergade 149A, 2500 Valby",Denmark
Copenhagen School of Design and Technology,"Guldbergsgade 29N, 2200 København, Denmark",Denmark
Copenhagen University Hospital,"Inge Lehmanns Vej 7, 2100 København, Denmark",Denmark
Cork Constraint Computation Centre,"College Rd, University College, Cork, Ireland",Ireland
Cornell University,"Ithaca, NY 14850, USA",USA
Coventry University,"Priory St, Coventry CV1 5FB, UK",UK
CQUniversity,"120 Spencer St, Melbourne VIC 3000, Australia",Australia
Create-Net,"Via alla Cascata, 56, 38123 Trento TN, Italy",Italy
CrystalDB,"18 Bartol St, San Francisco, CA 94133, USA",USA
Curtin University,"Kent St, Bentley WA 6102, Australia",Australia
CYBERTRONICA UG (HAFTUNGSBESCHRANKT) GMBH,"Meluner Str. 40, 70569 Stuttgart, Germany",Germany
Czech Technical University in Prague,"Jugoslávských partyzánů 1580, 160 00 Praha 6, Czechia",Czechia
Dalhousie University,"6299 South St, Halifax, NS B3H 4R2, Canada",Canada
Danish Center for Design Research,"Bryghusgade 8, 2. floor, 1473 København, Denmark",Denmark
Danish Institute for Study Abroad,"Vestergade 7, 1456 København",Denmark
Danish Pioneer Centre for AI,"Øster Voldgade 3, 1350 København",Denmark
Danish School of Media and Journalism,"Helsingforsgade 6A, D, 8200 Aarhus",Denmark
Danmarks Tekniske Museum,"Fabriksvej 25, 3000 Helsingør",Denmark
Dansk Blindesamfund,"Blekinge Blvd. 2, 2630 Taastrup",Denmark
Dansk Sprognævn,"Humletorvet 3, 1799 København, Denmark",Denmark
Danske Medier,"Rådhuspladsen 16, 4 sal, 1550 København, Denmark",Denmark
Danube University Krems,"Dr.-Karl-Dorrek-Straße 30, 3500 Krems an der Donau, Austria",Austria
Darmstadt University of Applied Sciences,"Schöfferstraße 3, 64295 Darmstadt, Germany",Germany
Darmstadt University of Technology,"Karolinenpl. 5, 64289 Darmstadt, Germany",Germany
Dartmouth College,"Hanover, NH 03755, USA",USA
Data & Society,"36 W 20th St 11th floor, New York, NY 10011, USA",USA
Data 61 - Commonwealth Scientific and Industrial Research Organisation,"Private Bag 10. Clayton South Vic 3169, Australia",Australia
Data to Decisions Cooperative Research Center (CRC),"7/221 London Cct, Canberra ACT 2601, Australia",Australia
DCR Solutions,"2151 Ware St, Abbotsford, BC V2S 3C4, Canada",Canada
De Montfort University,"Gateway House, Leicester LE1 9BH, UK",UK
Deakin University,"Geelong, Australia",Australia
Debitoor,"Vester Farimagsgade 19, 1606 København, Denmark",Denmark
Decisive Analytics Corporation,"Virginia, USA",USA
DeepMind,"London, UK",UK
Delft University of Technology,"Mekelweg 5, 2628 CD Delft, Netherlands",Netherlands
Deliotte,"Weidekampsgade 6, 2300 København, Denmark",Denmark
Deloitte,"Weidekampsgade 6, 2300 København, Denmark",Denmark
"Department of Anthropology, University of Amsterdam","1012 WP Amsterdam, Netherlands",Netherlands
"Department of Clinical Neurosciences, University Hospital, Geneva","Rue Gabrielle-Perret-Gentil 4, 1205 Genève, Switzerland",Switzerland
"Department of European Civilization Studies, Hellenic Open University","Evdoxou 5, Patra 263 31, Greece",Greece
Department of Informatics - Umeå University,"Mit-huset, Campustorget 5, 901 87 Umeå, Sweden",Sweden
"Department of Information Engineering and Computer Science, University of Trento","Via Sommarive, 9, 38123 Povo TN, Italy",Italy
"Department of Neuroscience, NTNU, Norway.","Høgskoleringen 1, 7034 Trondheim, Norway",Norway
"Department of Social Policy, Panteion University & Department of Educational Policy, University of the Peloponnese","Kalipatiras 183, Kalamata 241 00, Greece",Greece
DePaul University,"2400 N Sheffield Ave, Chicago, IL 60614, USA",USA
Design School Kolding,"Ågade 10, 6000 Kolding",Denmark
Det Centrale Handicapråd,"Stationsvej 10, 9460 Brovst",Denmark
Det Kongelige Bibliotek,"Søren Kierkegaards Pl. 1, 1221 Indre By, Denmark",Denmark
Det Nationale Forsknings- og Analysecenter for Velfærd,"Herluf Trolles Gade 11, 1052 København",Denmark
Det Unge Akademi,"H. C. Andersens Blvd. 35, 1553 København, Denmark",Denmark
Deutsches Zentrum für Hochschul- und Wissenschaftsforschung,"Lange Laube 12, 30159 Hannover, Germany",Germany
Digital Public Health,"Ørestads Blvd. 5, 2300 København, Denmark",Denmark
Digitaliseringsstyrelsen,"Landgreven 4, 1301 København",Denmark
DLI Market Intelligence,"Lersø Parkallé 101, 2100 København, Denmark",Denmark
Drexel University,"3141 Chestnut St, Philadelphia, PA 19104, USA",USA
Dublin City University,"Dublin City University, Collins Ave Ext, Whitehall, Dublin 9, Ireland",Ireland
Duke University,"Durham, NC 27708, USA",USA
Dundalk Institute of Technology,"Institute of Technology, Dublin Rd, Marshes Upper, Dundalk, Co. Louth, A91 K584, Ireland",Ireland
Durham University,"The Palatine Centre, University, Stockton Rd, Durham DH1 3LE, UK",UK
East China University of Science and Technology,"China, Shanghai, Xuhui District, 梅陇路130号 邮政编码: 200231",China
Eberhard Karls University of Tübingen,"Geschwister-Scholl-Platz, 72074 Tübingen, Germany",Germany
École de technologie supérieure,"1100 Notre-Dame St W, Montreal, Quebec H3C 1K3, Canada",Canada
École normale supérieure de Rennes,"Campus de Ker lann, 11 Av. Robert Schuman, 35170 Bruz, France",France
École Normale Supérieure Paris-Saclay,"4 Av. des Sciences, 91190 Gif-sur-Yvette, France",France
Ecole Polytechnique de Montreal,"2500 Chem. de Polytechnique, Montréal, QC H3T 1J4, Canada",Canada
Ecole Polytechnique Fédérale de Lausanne,"Rte Cantonale, 1015 Lausanne, Switzerland",Switzerland
eda.c,"Av. Rey Juan Carlos I, 92, 28916 Leganés, Madrid, Spain",Spain
Edge Hill University,"St Helens Rd, Ormskirk L39 4QP, UK",UK
EDHEC Business School,"24 Av. Gustave Delory, 59100 Roubaix, France",France
Eindhoven University of Technology,"5612 AZ Eindhoven, Netherlands",Netherlands
EIVA,"Niels Bohrs Vej 17, 8660 Skanderborg",Denmark
Enabling Women of Kamand Valley,"Parashar Road, Tehsil Sadar, Near Kataula, Kamand, Himachal Pradesh 175005, India",India
Ensenada Center for Scientific Research and Higher Education,"Carr. Tijuana-Ensenada 3918, Zona Playitas, 22860 Ensenada, B.C., Mexico",Mexico
Entropy Studio,"C. de San Juan y San Pedro, 5, 7, Planta Baja, locales 2 y 3, Casco Antiguo, 50001 Zaragoza, Spain",Spain
Erasmus University Rotterdam,"Burgemeester Oudlaan 50, 3062 PA Rotterdam, Netherlands",Netherlands
Ericsson,"Stockholm, Sweden",Sweden
ESSEC Business School,"3 Av. Bernard Hirsch, 95000 Cergy, France",France
Estonian Academy of Arts,"Põhja pst 7, 10412 Tallinn, Estonia",Estonia
ETHOS Lab,"Rued Langgaards Vej 7, 2300 København, Denmark",Denmark
European Commission,"Rue de la Loi / Wetstraat 200, 1049 Brussels, Belgium",Belgium
European School of Management and Technology,"Schloßpl. 1, 10178 Berlin, Germany",Germany
European Union,"Rue de la Loi / Wetstraat 175, 1048 Brussels, Belgium",Belgium
Europeana Foundation,"Prins Willem-Alexanderhof 5, 2595 BE Den Haag, Netherlands",Netherlands
Executive Office of The President of the USA,"1600 Pennsylvania Avenue NW Washington, D.C. 20500, USA",USA
Exformatics,"Nyhavn 16, 1051 København",Denmark
Factmata,"Mindspace Aldgate, Whitechapel High St, London E1 7PT, UK",UK
"Faculty of Philosophy, University of Nis","Ćirila i Metodija 2, Niš, Serbia",Serbia
Federal Fluminense University,"Rua Miguel de Frias, 9 - Icaraí Niterói 24220-008 Rio de Janeiro, Brazil",Brazil
Federal University of Alagoas,"Maceió, State of Alagoas, Brazil",Brazil
Federal University of Amazonas,"Av. General Rodrigo Octavio Jordão Ramos, 1200 - Coroado I, Manaus - AM, 69067-005, Brazil",Brazil
Federal University of Para,"R. Augusto Corrêa, 01 - Guamá, Belém - PA, 66075-110, Brazil",Brazil
Federal University of Paraná,"R. XV de Novembro, 1299 - Centro, Curitiba - PR, 80060-000, Brazil",Brazil
Federal University of Pernambuco,"Av. Prof. Moraes Rego, 1235 - Cidade Universitária, Recife - PE, 50670-901, Brazil",Brazil
"Federal University of Rio de Janeiro, Rio de Janeiro, Brazil","R. Antônio Barros de Castro, 119 - Cidade Universitária, Rio de Janeiro - RJ, 21941-853, Brazil",Brazil
Federal University of Rio Grande do Sul,"Farroupilha, Porto Alegre - RS, 90010-150, Brazil",Brazil
Federal University of Santa Catarina,"R. Eng. Agronômico Andrei Cristian Ferreira, s/n - Trindade, Florianópolis - SC, 88040-900, Brazil",Brazil
Federal University of Technology - Paraná,"Av. Sete de Setembro, 3165 - Rebouças, Curitiba - PR, 80230-901, Brazil",Brazil
Finnish Society of Bioart,"Luotsikatu 13, 00160 Helsinki, Finland",Finland
Flensburg University of Applied Sciences,"Kanzleistraße 91-93, 24943 Flensburg, Germany",Germany
Florida Atlantic University,"777 Glades Rd, Boca Raton, FL 33431, USA",USA
Florida International University,"11200 SW 8th St, Miami, FL 33199, USA",USA
Florida State University,"222 S Copeland St, Tallahassee, FL 32306, USA",USA
FOM Hochschule für Oekonomie & Management,"Herkulesstraße 32, 45127, Essen, North Rhine-Westphalia, Germany",Germany
FOM University of Applied Sciences,"Leimkugelstraße 6, 45141 Essen, Germany",Germany
FONDATION DE L'INSTITUT DE RECHERCHE IDIAP,"Rue Marconi 19, 1920 Martigny, Switzerland",Switzerland
Fondazione Bruno Kessler,"Via Sommarive, 18, 38123 Povo TN, Italy",Italy
"Fondazione the Microsoft Research – University of Trento Centre for Computational and Systems Biology, Italy","Piazza Manifattura, 1 38068 Rovereto, Italy",Italy
Fontys University of Applied  Sciences,"Rachelsmolen 1, 5612 MA Eindhoven, Netherlands",Netherlands
Fordham University,"Bronx, NY 10458, USA",USA
Framingham State University,"100 State St, Framingham, MA 01701, USA",USA
Frankfurt University of Applied Sciences,"Nibelungenpl. 1, 60318 Frankfurt am Main, Germany",Germany
Fraunhofer FIT,"Schloss Birlinghoven, Konrad-Adenauer-Straße, 53757 Sankt Augustin, Germany",Germany
Fraunhofer Institute for Experimental Software Engineering,"Fraunhofer-Platz 1, 67663 Kaiserslautern, Germany",Germany
Fraunhofer Institute for Industrial Engineering,"Nobelstraße 12, 70569 Stuttgart, Germany",Germany
Fraunhofer Institute for Manufacturing Engineering and Automation IPA,"Nobelstraße 12, 70569 Stuttgart, Germany",Germany
Fraunhofer Institute for Mechatronic Design,"Zukunftsmeile 1, 33102 Paderborn, Germany",Germany
Fraunhofer Institute for Toxicology and Experimental Medicine ITEM,"Nikolai-Fuchs-Straße 1, 30625 Hannover, Germany",Germany
Fraunhofer-Gesellschaft,"Hansastraße 27c, 80686 Munich, Germany",Germany
Fraunhofer-Gesellschaft zur Förderung der angewandten Forschung e.V.,"Winterbergstraße 28, 01277 Dresden, Germany",Germany
Frederiksberg kommune,"Smallegade 1, 2000 Frederiksberg, Denmark",Denmark
Free University of Berlin,"Kaiserswerther Str. 16-18, 14195 Berlin, Germany",Germany
Free University of Bozen-Bolzano,"Piazza Università, 1, 39100 Bolzano BZ, Italy",Italy
Friedrich Schiller University Jena,"Fürstengraben 1, 07743 Jena, Germany",Germany
Friedrich-Alexander-Universität Erlangen-Nürnberg,"Schloßplatz 4, 91054 Erlangen, Germany",Germany
Friendship,"House 7, Road 2A, Block L, Gulshan 1, Dhaka 1212, Bangladesh",Bangladesh
"Frog design Inc., New York","79 5th Ave, New York, NY 10003, USA",USA
Fudan University,"220 Handan Rd, Yangpu District, Shanghai, China, 200437",China
FX Pal,"Palo Alto, California, USA",USA
FX Palo Alto Laboratory,"Palo Alto, California, USA",USA
Game Innovation Lab,"370 Jay St, Brooklyn, NY 11201, USA",USA
George Mason University,"4400 University Dr, Fairfax, VA 22030, USA",USA
Georgetown University,"3700 O St NW, Washington, DC 20057, USA",USA
Georgia Institute of Technology,"Atlanta, GA 30332, USA",USA
Georgia State University,"Atlanta, GA 30302, USA",USA
German Aerospace Center,"Linder Höhe, 51147 Köln, Germany",Germany
German Cancer Research Center,"Deutsches Krebsforschungszentrum (DKFZ), Im Neuenheimer Feld 280, 69120 Heidelberg, Germany",Germany
German Research Center for Artificial Intelligence,"Trippstadter Str. 122, 67663 Kaiserslautern, Germany",Germany
GESIS – Leibniz Institute for the Social Sciences,"B6 4, 5, 68159 Mannheim, Germany",Germany
GEUS,"Øster Voldgade 10, 1350 København",Denmark
GGZ Momentum,"Ceresstraat 4, 4811 CC Breda, Netherlands",Netherlands
Goethe University Frankfurt,"Theodor-W.-Adorno-Platz 1, 60629 Frankfurt am Main, Germany",Germany
"Goldsmiths, University of London","8 Lewisham Way, London SE14 6NW, UK",UK
Gonzaga University,"502 E Boone Ave, Spokane, WA 99258, USA",USA
Google Brain,"1600 Amphitheatre Parkway, Mountain View, CA 94043, USA",USA
Google DeepMind,"London, UK",UK
Google Inc.,"1600 Amphitheatre Parkway, Mountain View, CA 94043, USA",USA
Government of Canada,"Parliament Hill, 111 Wellington Street, Ottawa, Ontario K1A 0A9, Canada",Canada
Griffith University,"170 Kessels Road, Nathan, Queensland 4111, Australia",Australia
GSI Technology,"Sunnyvale, California, USA",USA
Gwangju Institute of Science and Technology,"123 Cheomdangwagi-ro, Buk-gu, Gwangju, South Korea",South Korea
"Hanover University of Music, Drama, and Media","Neues Haus 1, 30175 Hannover, Germany",Germany
Harvard University,"Massachusetts Hall, Cambridge, MA 02138, USA",USA
Harz University of Applied Sciences,"Friedrichstraße 54-57, 38855 Wernigerode, Germany",Germany
Hasselt University,"Martelarenlaan 42, 3500 Hasselt, Belgium",Belgium
Hasso Plattner Institute,"Prof.-Dr.-Helmert-Straße 2-3, 14482 Potsdam, Germany",Germany
Hawassa University,"3F2W+CQH, Hawassa, Ethiopia",Ethiopia
Hebrew University of Jerusalem,Jerusalem,Israel
Heidelberg Institute for Theoretical Studies,"Schloß-Wolfsbrunnenweg 35, 69118 Heidelberg, Germany",Germany
Heidelberg University,"Grabengasse 1, 69117 Heidelberg, Germany",Germany
Helsinki Institute for Information Technology,"Computer Science Building, Konemiehentie 2, 02150 Espoo, Finland",Finland
Heriot-Watt University,"Edinburgh EH14 4AS, UK",UK
Higher National School of Computer Science,"Ecole Nationale Supérieure d'Informatique (ESI ex.INI), Alger, Oued Smar 16309, Algeria",Algeria
Hitotsubashi University,"2 Chome-1 Naka, Kunitachi, Tokyo 186-8601, Japan",Japan
Hochschule Mannheim,"Paul-Wittsack-Straße 10, 68163 Mannheim, Germany",Germany
Homi Bhabha National Institute,"2nd floor, BARC, Training School Complex, Anushakti Nagar, Mumbai, Maharashtra 400094, India",India
Honda Research Institute Europe GmbH,"Carl-Legien-Straße 30, 63073 Offenbach am Main, Germany",Germany
"Huawei Technologies Co., Ltd.","Shenzhen, China",China
Huazhong University of Science and Technology,"China, Hubei, Wuhan, Hongshan, 珞喻路1037号 邮政编码: 430074",China
Hugging Face,"9 rue des Colonnes, Paris, France",France
Humboldt University of Berlin,"Unter den Linden 6, 10117 Berlin, Germany",Germany
Huygens Institute for the History of the Netherlands,"Oudezijds Achterburgwal 185, 1012 DK Amsterdam, Netherlands",Netherlands
i2cat,"Carrer del Gran Capità, 2, 4, Les Corts, 08034 Barcelona, Spain",Spain
IBM,"Armonk, New York, USA",USA
IBM Brazil,"Av. República do Chile, 330 - Centro, Rio de Janeiro - RJ, 20031-170, Brazil",Brazil
IBM Research,"1101 Kitchawan Rd Yorktown Heights, NY 10598, USA",USA
IBM Research – Almaden,"650 Harry Rd, San Jose, CA 95120, USA",USA
IBM Research Australia,"Level 17, 259 George Street, Sydney NSW 2000, Australia",Australia
IESE Business School,"Avenida Pearson, 21 08034 Barcelona, Spain",Spain
Illinois Institute of Technology,"10 W 35th St, Chicago, IL 60616, USA",USA
Ilmenau University of Technology,"Ehrenbergstraße 29, 98693 Ilmenau, Germany",Germany
imec-MICT-Ghent University,"Miriam Makebaplein 1, 9000 Gent, Belgium",Belgium
Imperial College London,"Exhibition Rd, South Kensington, London SW7 2AZ, UK",UK
IMT Mines Albi,"All. des sciences, 81000 Albi, France",France
Independent Innovation Consultant Robin Gissing,"Greater Edinburgh Area, Scotland",Scotland
Independent Research Fund Denmark,"Asylgade 7, 5000 Odense C, Denmark",Denmark
Indian Institute of Management Bangalore,"Bannerghatta Rd, opp. to Apollo Hospitals, Sundar Ram Shetty Nagar, Bilekahalli, Bengaluru, Karnataka 560076, India",India
Indian Institute of Science Education and Research Pune,"Dr. Homi Bhabha Road, Pashan, Pune, Maharashtra 411008, India",India
Indian Institute of Technology Bombay,"Main Gate Rd, IIT Area, Powai, Mumbai, Maharashtra 400076, India",India
Indian Institute of Technology Delhi,"Hauz Khas, New Delhi-110016, India",India
Indian Institute of Technology Madras,"Sardar Patel Road, Adyar, Chennai, Tamil Nadu 600036, India",India
Indian Institute of Technology Mandi,"Parashar Road, Tehsil Sadar, Near Kataula, Kamand, Himachal Pradesh 175005, India",India
Indian Institute of Technology Roorkee,"Roorkee, Haridwar District, Uttarakhand 247667, India",India
Indiana University,"107 S Indiana Ave, Bloomington, IN 47405, USA",USA
Industriegewerkschaft Metall,"IG Metall Wilhelm-Leuschner-Str. 79 60329 Frankfurt, Germany",Germany
Industriens Uddannelsessekretariat,"Vesterbrogade 6 D, 4., 1620 København V, Denmark ",Denmark 
"Infinite Interactive LTD, UK","12 John Princes Street, London, England, W1G 0JR, UK",UK
Infosys Labs,"Electronics City, Hosur Road, Bangalore, Karnataka 56010, India",India
"Infosys Ltd. Bangalore, India","Plot No. 44, Hosur Road, Konappana Agrahara, Electronic City, Bengaluru, Karnataka 560100, India",India
Ing Groep,"Amsterdam, Netherlands",Netherlands
Innopolis University,"Universitetskaya St, 1, Innopolis, Republic of Tatarstan, Russia, 420500",Russia
Innovationsnetværk for IT - InfinIT,"Selma Lagerlöfs Vej 300. Aalborg, 9220, Denmark",Denmark
"Inria, CNRS, Universite de Lorraine","615 Rue du Jardin Botanique, 54600 Villers-lès-Nancy, France",France
Institut commercial de Nancy Business School,"86 Rue sergent Blandan, 54000 Nancy, France",France
Institut Polytechnique de Paris,"Rte de Saclay, 91120 Palaiseau, France",France
Institute for Advanced Studies in Basic Sciences,"Zanjan, Sobouti Blvd, No. 444, Prof. Yousef, Iran",Iran
Institute for Basic Science,"Daejeon, South Korea",South Korea
"Institute for Education, Research, and Scholarships","800 Wilshire Blvd, Los Angeles, CA 90017, USA",USA
Institute for Frontier Areas of Psychology and Mental Health,"Wilhelmstr. 3a, 79098 Freiburg, Germany",Germany
Institute for Renewable Energy – EURAC Research,"Via Alessandro Volta, 13A, 39100 Bolzano BZ, Italy",Italy
Institute for Scientific Interchange Foundation,"Via Chisola, 5, 10126 Torino, Italy",Italy
Institute of Tropical Medicine Antwerp,"Kronenburgstraat 43, 2000 Antwerpen, Belgium",Belgium
Instituto de Telecomunicações,"Avenida Rovisco Pais, 1, 1049-001 Lisbon, Portugal",Portugal
Instituto Potosino de Investigación Científica y Tecnológica,"Cam. a la Presa de San José 2055, Lomas 4ta Secc, 78216 San Luis Potosí, S.L.P., Mexico",Mexico
Instituto Superior Tecnológico 17 de Julio,"9V5F+VV6, Otavalo, Ibarra, Ecuador",Ecuador
Instituto Universitário de Lisboa (ISCTE-IUL),"Av. das Forças Armadas, 1649-026 Lisboa, Portugal",Portugal
Institutt for informasjon- og medievitenskap - Universitetet i Bergen,"Lars Hilles gate 30, 5008 Bergen, Norway",Norway
Intel,"Santa Clara, California, USA",USA
Intel Labs,"2200 Mission College Blvd, Santa Clara, CA 95054, USA",USA
Interactive Institute,"Isafjordsgatan 22, Kista, Sweden",Sweden
International University of Rabat,"Shore Rocade, Rocade S, Rabat 11103, Morocco",Morocco
IOHK Research,"5th Floor, Kings Building, Maynooth University, Maynooth, Co. Kildare, Ireland",Ireland
Ithaca College,"953 Danby Rd, Ithaca, NY 14850, USA",USA
"ITI/LARSyS, ARDITI","Caminho da Penteada, Funchal, Madeira, Portugal",Portugal
IULM University Milan,"Via Carlo Bo, 1, 20143 Milano MI, Italy",Italy
Japanordic,"Toftholm Alle 7 2900 Hellerup, Denmark",Denmark
Jilin University,"China, Jilin, Changchun, Chaoyang District, Changchun, 前进大街2699号 邮政编码: 130012",China
"Jivass Technologies,","1st Floor, Ashwamedha, contact@jivass.com, 121, Velachery Main Rd, Guindy, Chennai, Tamil Nadu 600032, India",India
Johann Wolfgang Goethe University,"Theodor-W.-Adorno-Platz 1, 60629 Frankfurt am Main, Germany",Germany
Johannes Gutenberg University Mainz,"Saarstraße 21, 55122 Mainz, Germany",Germany
Johannes Kepler University Linz,"Altenberger Str. 69, 4040 Linz, Austria",Austria
Johns Hopkins University,"Baltimore, MD 21218, USA",USA
Johnson & Johnson Innovative Medicine,"One Johnson & Johnson Plaza, New Brunswick, NJ 08933, USA",USA
Johnson & Johnson Medical BV,"De Rondom 1, 5612 AP Eindhoven, Netherlands",Netherlands
Jönköping University,"Gjuterigatan 5, 553 18 Jönköping, Sweden",Sweden
Jozef Stefan Institute,"Jamova cesta 39, 1000 Ljubljana, Slovenia",Slovenia
KAI Kompetenzzentrum Automobil- und Industrieelektronik GmbH,"Europastraße 8, 9524 Villach, Austria",Austria
Kansai University,"3 Chome-3-35 Yamatecho, Suita, Osaka 564-8680, Japan",Japan
Karlsruhe Institute of Technology,"Kaiserstraße 12, 76131 Karlsruhe, Germany",Germany
Karlsruher Institut für Technologie,"Kaiserstraße 12, 76131 Karlsruhe, Germany",Germany
Karlstad University,"Universitetsgatan 2, 651 88 Karlstad, Sweden",Sweden
Karolinska Institutet,"Solnavägen 1, 171 77 Solna, Sweden",Sweden
Keele University,"Keele, Newcastle ST5 5BG, UK",UK
Keio University,"2 Chome-15-45 Mita, Minato City, Tokyo 108-0073, Japan",Japan
King's College London,"Strand, London WC2R 2LS, UK",UK
Københavns Kommune,"Rådhuspladsen, 1599 København V, Denmark",Denmark
Koç University,"Rumelifeneri, Sarıyer Rumeli Feneri Yolu, 34450 Sarıyer/İstanbul, Türkiye",Turkey
Köln University of Applied Sciences,"Ubierring 48, 50678 Köln, Germany",Germany
Konstfack,"Konstfack Box 3601. S-126 27 Stockholm, Sweden",Sweden
Kookmin University,"77 Jeongneung-ro, Seongbuk District, Seoul, South Korea",South Korea
Kore University of Enna,"Piazza dell'Università, 94100 Enna EN, Italy",Italy
Korea Advanced Institute of Science and Technology,"291 Daehak-ro, Yuseong District, Daejeon, South Korea",South Korea
Kristiania University College,"Kirkegata 24-26, 0153 Oslo, Norway",Norway
KTH Royal Institute of Technology,"Brinellvägen 8, 114 28 Stockholm, Sweden",Sweden
KU Leuven,"Oude Markt 13, 3000 Leuven, Belgium",Belgium
Kulturstyrelsen,"Hammerichsgade 14, DK-1611, 1553 København",Denmark
Kvorning Design,"Njalsgade 21E, 2300 København",Denmark
Kyoto University,"Yoshidahonmachi, Sakyo Ward, Kyoto, 606-8501, Japan",Japan
Kyushu Institute of Technology,"1-1 Sensuicho, Tobata Ward, Kitakyushu, Fukuoka 804-8550, Japan",Japan
Kyushu University,"Fukuoka, Fukuoka, Japan",Japan
La Trobe University,"Melbourne Plenty Road, Bundoora, Melbourne VIC 3086, Australia",Australia
Laboratoire d'informatique de Grenoble,"Bâtiment IMAG, 700 Av. Centrale, 38401 Saint-Martin-d'Hères, France",France
"Laboratory of Cognitive Neuroscience, EPFL","EPFL-SV-INX-LNCO Campus Biotech H4 Chemin des Mines 9, CH-1202, Geneva, Switzerland",Switzerland
Laerdal Medical,"Njalsgade 19 D, 2300 København",Denmark
Lancaster University,"Bailrigg, Lancaster LA1 4YW, UK",UK
Lappeenranta–Lahti University of Technology,"Yliopistonkatu 34, 53850 Lappeenranta, Finland",Finland
LCO Prime AB,"Krokvägen 6 122 62, Enskede, Stockholm, Sweden",Sweden
Leibniz Universität Hannover,"Welfengarten 1, 30167 Hannover, Germany",Germany
Leibniz University Hannover,"Welfengarten 1, 30167 Hannover, Germany",Germany
Leiden University,"Rapenburg 70, 2311 EZ Leiden, Netherlands",Netherlands
Leipzig University,"Augustuspl. 10, 04109 Leipzig, Germany",Germany
Lero,"University of Limerick, Tierney Centre, Dromroe, Limerick, Ireland",Ireland
"LFCS, School of Informatics, Edinburgh University","Appleton Tower, 10 Crichton St, Newington, Edinburgh EH8 9AB, UK",UK
Liberos LLC,"Greater Los Angeles Area, West Coast, USA",USA
Liege Game Lab,"Quai Roosevelt, 1B Bât. A4 - Bureau (-1/20) B-4000 Liège, Belgium",Belgium
LightingDesign.dk,"Vesterbrogade 24, 1620 Copenhagen V, Denmark",Denmark
LimeSense AB,"Södra Promenaden 51, 211 38 Malmö, Sweden",Sweden
Linköping University,"581 83 Linköping, Sweden",Sweden
Linnaeus University,"Universitetsplatsen 1, 352 52 Växjö, Sweden",Sweden
lllinois State University,"100 N University St, Normal, IL 61761, USA",USA
London Knowledge Lab,"23-29 Emerald St, London WC1N 3QS, UK",UK
Loughborough University,"Epinal Way, Loughborough LE11 3TU, UK",UK
Louisiana Museum of Modern Art,"Gl Strandvej 13, 3050 Humlebæk",Denmark
Ludwig Maximilian University of Munich,"Geschwister-Scholl-Platz 1, 80539 München, Germany",Germany
Lugus Studios,"Aldestraat 48, 3500 Hasselt, Belgium",Belgium
Luleå University of Technology,"971 87 Luleå, Sweden",Sweden
Lund University,"Lund, Sweden",Sweden
Luxembourg Institute of Science and Technology,"5, Avenue des Hauts-Fourneaux, 4362 Esch-sur-Alzette, Luxembourg",Luxembourg
Maastricht University,"Minderbroedersberg 4-6, 6211 LK Maastricht, Netherlands",Netherlands
Macquarie University,"Balaclava Rd, Macquarie Park NSW 2109, Australia",Australia
Makerere University,"7062 University Rd, Kampala, Uganda",Uganda
MakerSpace Foundation,"51 Station Drive, Morningside, Durban, KwaZulu-Natal, 4001, South Africa",South Africa
Mälardalen University,"Universitetsplan 1, 722 20 Västerås, Sweden",Sweden
Malmö University,"Nordenskiöldsgatan 1, 211 19 Malmö, Sweden",Sweden
Manchester Metropolitan University,"Ormond, Lower Ormond St, Manchester M15 6BX, UK",UK
Martin Luther University Halle-Wittenberg,"06108 Halle (Saale), Germany",Germany
Masaryk University,"Žerotínovo nám. 617/9, 601 77 Brno, Czechia",Czechia
Massachusetts Institute of Technology,"77 Massachusetts Ave, Cambridge, MA 02139, USA",USA
Mavenoid,"Regeringsgatan 65, 111 56 Stockholm, Sweden",Sweden
Max Planck Institute for Human Development,"Lentzeallee 94, 14195 Berlin, Germany",Germany
Max Planck Institute for Informatics,"Campus, Stuhlsatzenhausweg E1 4, 66123 Saarbrücken, Germany",Germany
Max Planck Institute for Intelligent Systems,"Heisenbergstraße 3, 70569 Stuttgart, Germany",Germany
Max Planck Society for the Advancement of the Sciences,"Hofgartenstraße 8, 80539 München, Germany",Germany
Maynooth University,"Maynooth, Co. Kildare, Ireland",Ireland
McGill University,"845 Sherbrooke St W, Montreal, Quebec H3A 0G4, Canada",Canada
Mediterranean Institute of Technology,"Av. du Rial, Tunisia",Tunisia
Merck KGaA,"Darmstadt, Germany",Germany
Meta,"Menlo Park, California, USA",USA
Meta AI,"1 Hacker Way, Menlo Park, CA 94025, USA",USA
Metropolitan University College - Former organisation.  01/01/2018.  Taken over by University College Copenhagen,"Sigurdsgade 26, 2200 Copenhagen N, Denmark",Denmark
Meyer Werft,"Industriegebiet Süd, 26871 Papenburg, Germany",Germany
Microsoft,"Redmond, Washington, USA",USA
Microsoft Research,"21 Station Rd, Cambridge CB1 2FB, UK",UK
Microsoft Research Cambridge,"21 Station Rd, Cambridge CB1 2FB, UK",UK
MID KTH,"Lindstedtsvägen 5, 100 44 Stockholm, Sweden",Sweden
Middlesex University,"The Burroughs, London NW4 4BT, UK",UK
MITRE Corporation,"McLean, Virginia, USA",USA
Mobile Life Centre,"Isafjordsgatan 39, 164 40 Kista, Stockholm, Sweden",Sweden
modl.ai,"Fruebjergvej 3, 2100 Copenhagen, Denmark",Denmark
Modul University Vienna,"Am Kahlenberg 1, 1190 Wien, Austria",Austria
Moesgaard Museum,"Moesgård Allé 15, 8270 Højbjerg",Denmark
Mohamed bin Zayed University of Artificial Intelligence,Masdar City - Abu Dhabi - United Arab Emirates,United Arab Emirates
Mohammed VI Polytechnic University,"Lot 660, Ben Guerir 43150, Morocco",Morocco
Moholy-Nagy University of Art and Design,"Budapest, Zugligeti út 9, 1121 Hungary",Hungary
Monash University,"Wellington Rd, Clayton VIC 3800, Australia",Australia
Mother Teresa University,"7F9J+MFM, Attuvampatti, Kodaikanal, Tamil Nadu 624101, India",India
Mozilla Foundation,"San Francisco, California, USA",USA
mPower Social Enterprises Ltd,"Level 10 House 77, Nur Empori, Road 11 Banani Bridge, Dhaka 1213, Bangladesh",Bangladesh
MUNCH,"Edvard Munchs Plass 1, 0194 Oslo, Norway",Norway
Munster Technological University,"Clash Road, Clash West, Tralee, Co. Kerry, Ireland",Ireland
Museum für Naturkunde - Leibniz Institute for Evolution and Biodiversity Science,"Invalidenstraße 43, 10115 Berlin, Germany",Germany
Museum Midtjylland,"Administrationen, Vestergade 20, 7400 Herning",Denmark
"Nagasaki University,","1-14 Bunkyomachi, Nagasaki, 852-8131, Japan",Japan
Namibia University of Science and Technology,"13 Storch Street, Windhoek, Khomas Region, Namibia",Namibia
Nanyang Technological University,"50 Nanyang Ave, Singapore 639798",Singapore
National and Kapodistrian University of Athens,"Athens 157 72, Greece",Greece
National Autonomous University of Mexico,"Av. Universidad 3004, Copilco Universidad, Coyoacán, 04510 Ciudad de México, CDMX, Mexico",Mexico
National ICT Australia,"Sydney, Australia",Australia
National Institute of Advanced Industrial Science and Technology,"1-1-1 Umezono, Tsukuba, Ibaraki 305-8560, Japan",Japan
National Research Council of Italy,"Piazzale Aldo Moro, 7, 00185 Roma RM, Italy",Italy
National Technical University of Athens,"Leof. Alimou Katechaki, Zografou 157 72, Greece",Greece
National University of Colombia,"Ave Cra 30 #45-3, Bogotá, Colombia",Colombia
National University of Ireland,"49 Merrion Square E, Dublin 2, D02 V583, Ireland",Ireland
National University of Mongolia,"WWF9+6H6, SBD - 6 khoroo, Ulaanbaatar 14200, Mongolia",Mongolia
National University of Singapore,"21 Lower Kent Ridge Rd, Singapore 119077",Singapore
NaturBornholm,"Grønningen 30, 3720 Aakirkeby",Denmark
Naver AI Lab,"178-1 Jeongja-dong, Bundang-gu, Seongnam-si, Gyeonggi-do 13561, South Korea",South Korea
NEC Laboratories Europe GmbH,"Kurfürsten-Anlage 36, 69115 Heidelberg, Germany",Germany
NEOMA Business School,"1 Rue du Maréchal Juin, 76130 Mont-Saint-Aignan, France",France
Netcompany IT & Business Consulting A/S,"Strandgade 3, 1401 København",Denmark
New Jersey Institute of Technology,"323 Dr Martin Luther King Jr Blvd, Newark, NJ 07102, USA",USA
New York University,"New York, NY 10012, USA",USA
Newcastle University,"Newcastle upon Tyne NE1 7RU, UK",UK
NextGame,"Aleksanterinkatu 9 A, 00100 Helsinki, Finland",Finland
NII - National Institute of Informatics,"2 Chome-1-2 Hitotsubashi, Chiyoda City, Tokyo 101-0003, Japan",Japan
Nokia Bell Labs,"600 Mountain Avenue, Murray Hill, NJ 07974, USA",USA
NordForsk,"Stensberggata 27, 0170 Oslo, Norway",Norway
Nordic Bioscience,"Herlev Hovedgade 205, 2730 Herlev",Denmark
Nordic Institute of Health Economics,"Gammel Munkegade 1, 1st Floor, 8000 Aarhus C, Denmark",Denmark
North Carolina State University,"Raleigh, NC 27695, USA",USA
Northeastern University,"360 Huntington Ave, Boston, MA 02115, USA",USA
Northern Arizona University,"S San Francisco St, Flagstaff, AZ 86011, USA",USA
Northumbria University,"Ellison Pl, Newcastle upon Tyne NE1 8ST, UK",UK
Northwestern University,"633 Clark St, Evanston, IL 60208, USA",USA
Norwegian University of Science and Technology,"Høgskoleringen 1, 7034 Trondheim, Norway",Norway
Nottingham Trent University,"50 Shakespeare St, Nottingham NG1 4FQ, UK",UK
NOVA University Lisbon,"1099-085 Lisbon, Portugal",Portugal
Novo Nordisk Foundation,Hellerup,Denmark
NTT - Nippon Telegraph and Telephone Corporation,"Chiyoda City, Tokyo, Japan",Japan
Ny Carlsberg Glyptotek,"Dantes Plads 7, 1556 København",Denmark
OCAD University,"100 McCaul St, Toronto, ON M5T 1W1, Canada",Canada
Octotext AB,"Svartågatan 80, 1101, 128 45 Bagarmossen, Sweden",Sweden
OFFIS institute for information technology,"Escherweg 2, 26121 Oldenburg, Germany",Germany
Økonomi- og Indenrigsministeriet,"Slotsholmsgade 10, 1216 Copenhagen K, Denmark",Denmark
Old Dominion University,"5115 Hampton Blvd, Norfolk, VA 23529, USA",USA
Open Data Institute,"5th Floor, Kings Place, 90 York Way, London N1 9AG, UK",UK
Open Earth Foundation,"Marina Del Rey, CA 90292, USA",USA
Open University of Catalonia,"Rambla del Poblenou, 154-156, Sant Martí, 08018 Barcelona, Spain",Spain
Oracle Corporation,"Austin, Texas, USA",USA
Orange Labs,"38-40 rue du Général Leclerc, 92794 Issy-les-Moulineaux Cedex 9, France",France
Örebro University,"Fakultetsgatan 1, 701 82 Örebro, Sweden",Sweden
Osaka Medical and Pharmaceutical University,"1-1 Daigakumachi, Takatsuki, Osaka 569-8686, Japan",Japan
Osaka Prefecture University,"Japan, 〒599-8531 Osaka, Sakai, Naka Ward, Gakuencho, １番１号",Japan
Oslo and Akershus University College of Applied Sciences,"Clara Holsts hus, Pilestredet 46, 0167 Oslo, Norway",Norway
Oslo Metropolitan University,"Pilestredet Park 0890, 0176 Oslo, Norway",Norway
Oslo National Academy of the Arts,"Fossveien 24, 0551 Oslo, Norway",Norway
Østfold University College,"B R A Veien 4, 1757 Halden, Norway",Norway
Ottawa Hospital Research Institute,"501 Smyth Road, Ottawa, Ontario, K1H 8L6, Canada",Canada
Paderborn University,"Universität Paderborn, Warburger Str. 100, 33098 Paderborn, Germany",Germany
Palo Alto Research Center,"Palo Alto, California, USA",USA
Pamplin College of Business,"880 W Campus Dr, Blacksburg, VA 24061, USA",USA
Parameter Lab,"Karlstrasse 3, 72072 Tuebingen, Germany",Germany
Paris Diderot University,"5 Rue Thomas Mann, 75013 Paris, France",France
Paris Sciences et Lettres University,"60 Rue Mazarine, 75006 Paris, France",France
Pedal Me,"London, UK",UK
Peking University,"5 Yiheyuan Rd, Haidian District, Beijing, China, 100871",China
Pensylvania State University,"201 Old Main, University Park, PA 16802, USA",USA
Personas Technology Ltd,"30 Club Row, Clifton House, Bethnal Green, London, E2 7HB, UK",UK
Polytechnic Institute of Paris,"Rte de Saclay, 91120 Palaiseau, France",France
Polytechnic University of Catalonia,"Carrer de Jordi Girona, 31, Les Corts, 08034 Barcelona, Spain",Spain
Polytechnic University of Milan,"Piazza Leonardo da Vinci, 32, 20133 Milano MI, Italy",Italy
Polytechnic University of Turin,"Corso Castelfidardo, 39, 10129 Torino TO, Italy",Italy
Polytechnic University of Valencia,"Camí de Vera, s/n, Algirós, 46022 València, Valencia, Spain",Spain
Pompeu Fabra University,"Carrer de la Mercè, 12, Ciutat Vella, 08002 Barcelona, Spain",Spain
Pontifical Catholic University of Rio de Janeiro,"Gávea, Rio de Janeiro - State of Rio de Janeiro, Brazil",Brazil
Pontifical Catholic University of Rio Grande do Sul,"Av. Ipiranga, 6681 - Partenon, Porto Alegre - RS, 90619-900, Brazil",Brazil
Pontificial Catholic University of Parana,"R. Imac. Conceição, 1155 - Prado Velho, Curitiba - PR, 80215-901, Brazil",Brazil
Portland State University,"1825 SW Broadway, Portland, OR 97201, USA",USA
Preely,"Langebrogade 4, 1411 København K",Denmark
Princeton University,"Princeton, NJ 08544, USA",USA
Protocol Labs,"548 Market Street, PMB 57558, San Francisco, CA 94104-5401, USA",USA
Psychological Society of Ireland,"Digital Office Centre Camden, 12 Camden Row, Saint Kevin's, Dublin 8, D08 R9CN, Ireland",Ireland
Public University of Navarra,"Av. Cataluña, s/n, 31006 Pamplona, Navarra, Spain",Spain
Purdue University,"610 Purdue Mall, West Lafayette, IN 47907, USA",USA
Qatar Computing Research institute,"8CCG+J8J, Ar-Rayyan, Qatar",Qatar
Queen Mary University of London,"Mile End Road, London E1 4NS, UK",UK
Queen’s University,"99 University Ave, Kingston, ON K7L 3N6, Canada",Canada
Queensland University of Technology,"2 George St, Brisbane City QLD 4000, Australia",Australia
Radboud University Nijmegen,"Houtlaan 4, 6525 XZ Nijmegen, Netherlands",Netherlands
"Rangeland Resources and Systems Research Unit, USA Department of Agriculture, Agricultural Research Service","1701 Centre Avenue, Fort Collins, CO 80526, USA",USA
Reichman University,"האוניברסיטה 8 8, Herzliya, 4610101, Israel",Israel
Rensselaer Polytechnic Institute,"110 8th St, Troy, NY 12180, USA",USA
Research Institute Computer And Systems Aléatoires,"263 Avenue Général Leclerc, 35042 Rennes Cedex, France",France
Research Institute in Communications and Cybernetic of Nantes - Ecole Centrale de Nantes,"1 Rue de la Noë, 44300 Nantes, France",France
Reutlingen University,"Alteburgstraße 150, 72762 Reutlingen, Germany",Germany
Reykjavík University,"Menntavegur 1, 102, 101 Reykjavík, Iceland",Iceland
RheinMain University of Applied Sciences,"Kurt-Schumacher-Ring 18, 65197 Wiesbaden, Germany",Germany
Rhodes University,"Drosty Rd, Makhanda, 6139, South Africa",South Africa
Rice University,"6100 Main St, Houston, TX 77005, USA",USA
Rigshospitalet,"Blegdamsvej 9, 2100 København Ø, Denmark",Denmark
RIKEN Center for Advanced Intelligence Project,"2-1 Hirosawa, Wako, Saitama 351-0198, Japan",Japan
RIKEN Center for Computational Science,"7 Chome-1-26 Minatojima Minamimachi, Chuo Ward, Kobe, Hyogo 650-0047, Japan",Japan
Ritsumeikan University,"56-1 Tojiin Kitamachi, Kita Ward, Kyoto, 603-8577, Japan",Japan
"RMIT, Design Practices","445 Swanston Street, Melbourne, Victoria 3000, Australia",Australia
Rochester Institute of Technology,"1 Lomb Memorial Dr, Rochester, NY 14623, USA",USA
Roskilde University,"Universitetsvej 1, 4000 Roskilde",Denmark
Rowan University,"201 Mullica Hill Rd, Glassboro, NJ 08028, USA",USA
Royal Danish Academy,"Philip De Langes Allé 10, 1435 København",Denmark
Royal Melbourne Institute of Technology,"124 La Trobe St, Melbourne VIC 3000, Australia",Australia
Ruhr University Bochum,"Universitätsstraße 150, 44801 Bochum, Germany",Germany
Rutgers University,"New Brunswick, NJ 08901, USA",USA
RWTH Aachen University,"Templergraben 55, 52062 Aachen, Germany",Germany
Ryerson University,"350 Victoria St, Toronto, ON M5B 2K3, Canada",Canada
Saarland University,"Campus, 66123 Saarbrücken, Germany",Germany
"Saïd Business School, University of Oxford","Park End St, Oxford OX1 1HP, UK",UK
Saint Louis University,"1 N Grand Blvd, St. Louis, MO 63103, USA",USA
Saint Mary's University of Minnesota,"700 Terrace Heights, Winona, MN 55987-1399, USA",USA
Samsung Semiconductor Denmark Research,"Flæsketorvet 68, 1711 København",Denmark
Sant'Anna School of Advanced Studies,"Piazza Martiri della Libertà, 33, 56127 Pisa PI, Italy",Italy
SAP Research,"Dietmar-Hopp-Allee 16, 69190 Walldorf, Germany",Germany
Sapienza University of Rome,"Piazzale Aldo Moro, 5, 00185 Roma RM, Italy",Italy
ScaDS.AI,"Humboldtstraße 25, 04105 Leipzig, Germany",Germany
"School of Architecture, Planning and Landscape, Newcastle University","University, Newcastle upon Tyne NE1 7RU, UK",UK
Schwyz University of Teacher Education,"Zaystrasse 42, 6410 Goldau, Switzerland",Switzerland
Science and Technology of the Northern Minas Gerais,"Av. Ruy Braga S/N, Vila Mauriceia, Montes Claros - MG, Brazil",Brazil
Sciencecom Denmark,"Aggersvoldvej 22 st, 2700 Brønshøj, Denmark",Denmark
Sciences Po,"27 Rue Saint-Guillaume, 75007 Paris, France",France
Sealytix,"Njalsgade 76, 4th Floor, 2300 Copenhagen S, Denmark ",Denmark 
Seoul National University,"1 Gwanak-ro, Gwanak-gu, Seoul, South Korea",South Korea
Shahid Beheshti University,"Tehran Province, Tehran, District 1, Daneshjou Blvd, Q9XV+XG7, 19839 69411, Iran",Iran
Shahjalal University of Science and Technology,"University Ave, Sylhet 3114, Bangladesh",Bangladesh
Shanghai International Studies University,"550 Dalian Road, Hongkou District, Shanghai, 200083, China",China
Shanghai Jiao Tong University,"China, Shanghai, Minhang District, 东川路 邮政编码: 200240",China
Shanghai University of International Business and Economics,"1900 Wenxiang Rd, Songjiang District, Shanghai, China, 201613",China
Sheffield Hallam University,"Howard St, Sheffield City Centre, Sheffield S1 1WB, UK",UK
Sheffield Teaching Hospital,"Royal Hallamshire Hospital, Broomhill, Glossop Rd, Sheffield S10 2JF, UK",UK
"Shenkar College of Engineering, Design and Art","Anne Frank St 12, Ramat Gan, Israel",Israel
SICS  RISE,"Ole Römers väg 5A, 223 63 Lund, Sweden",Sweden
Simon Fraser University,"8888 University Dr W, Burnaby, BC V5A 1S6, Canada",Canada
Simula Metropolitan Center for Digital Engineering AS,"Pilestredet 52, 0167 Oslo, Norway",Norway
Singapore Management University,"81 Victoria St, Singapore 188065",Singapore
Slovak University of Technology,"public@stuba.sk, Vazovova 5, 811 07 Bratislava, Slovakia",Slovakia
Snowflake,"Bozeman, Montana, USA",USA
Social Shaping Research LTD,"23 Kings Rd, Cambridge CB3 9DY, UK",UK
"Social Spaces, LUCA School of Arts","Paleizenstraat 70, 1030 Brussels, Belgium",Belgium
SocialSquare,"Vermundsgade 13-15, 2100 Copenhagen, Denmark​",Denmark​
Södertörn University,"Alfred Nobels allé 7, 141 89 Huddinge, Sweden",Sweden
Sofia University St. Kliment Ohridski,"Sofia Center, Tsar Osvoboditel Blvd 15, 1504 Sofia, Bulgaria",Bulgaria
Sorbonne University,"21 Rue de l'École de Médecine, 75006 Paris, France",France
Southern Methodist University,"Dallas, TX 75205, USA",USA
Southern University of Science and Technology (SUSTech),"1088 Xueyuan Blvd, Nanshan, Shenzhen, Guangdong Province, China, 518055",China
Southwestern University,"1001 E University Ave, Georgetown, TX 78626, USA",USA
Spanish National Research Council,"C. de Serrano, 117, Chamartín, 28006 Madrid, Spain",Spain
"Srishti Manipal Institute of Art, Design and Technology","40/D Marilingiah Building 2nd Cross Rd Yelahanka New Town KHB Colony Bangalore Karnataka 560106 IN, 2nd Cross Rd, Bengaluru, Karnataka 560064, India",India
St. Petersburg State University,"University Embankment, 7/9, St Petersburg, Russia, 199034",Russia
St. Pölten University of Applied Sciences,"Campus-Platz 1, 3100 St. Pölten, Austria",Austria
Stanford University,"450 Jane Stanford Way, Stanford, CA 94305, USA",USA
Statens Naturhistoriske Museum,"Øster Voldgade 5-7, 1350 Copenhagen, Denmark.",Denmark.
STEIM,"Achtergracht 19, 1017 WL Amsterdam, Netherlands",Netherlands
Stetson University,"421 N Woodland Blvd, DeLand, FL 32723, USA",USA
Stockholm School of Economics,"Sveavägen 65, 113 83 Stockholm, Sweden",Sweden
Stockholm University,"Frescativägen, 114 19 Stockholm, Sweden",Sweden
Stony Brook University,"100 Nicolls Rd, Stony Brook, NY 11794, USA",USA
Strategy&,"300 Madison Avenue, New York, NY 10017, US",USA
Studio C,"Bredgade 25A, 2. Sal, 1260 København",Denmark
Sudan University of Science & Technology,"Al Siteen Street, Khartoum, Sudan",Sudan
Swedish Institute of Computer Science,"Isafjordsgatan 22, 164 40 Kista, Sweden",Sweden
Swinburne University of Technology,"John St, Hawthorn VIC 3122, Australia",Australia
Swiss Federal Institute of Technology Zürich,"Rämistrasse 101, 8092 Zürich, Switzerland",Switzerland
Swiss National Science Foundation,"Wildhainweg 3, 3001 Bern, Switzerland",Switzerland
Syracuse University,"900 S Crouse Ave, Syracuse, NY 13244, USA",USA
Tactile Entertainment A/S,"Vestergade 33, 1456 København",Denmark
Tallinn University,"Narva mnt 25, 10120 Tallinn, Estonia",Estonia
Tallinn University of Technology,"Ehitajate tee 5, 19086 Tallinn, Estonia",Estonia
Tampere University,"Kalevantie 4, 33100 Tampere, Finland",Finland
Tampere University of Technology - Former organisation.  31/12/2018.  Taken over by Tampere University,"Korkeakoulunkatu 10, 33720 Tampere, Finland",Finland
Tax office of Denmark,"Crowne Plaza Copenhagen Towers, an IHG Hotel, Hannemanns Allé 25, 2300 København",Denmark
Technical University of Berlin,"Straße des 17. Juni 135, 10623 Berlin, Germany",Germany
Technical University of Braunschweig,"Universitätspl. 2, 38106 Braunschweig, Germany",Germany
Technical University of Denmark,"Anker Engelunds Vej 1, Bygning 101A, 2800 Kongens Lyngby",Denmark
Technical University of Dresden,"01069 Dresden, Germany",Germany
Technical University of Madrid,"Moncloa - Aravaca, 28040 Madrid, Spain",Spain
Technical University of Munich,"Arcisstraße 21, 80333 München, Germany",Germany
Technion - Israel Institute of Technology,"Haifa, 3200003, Israel",Israel
TechWolf,"Overzet 14A, 9000 Gent, Belgium",Belgium
Tecnológico de Monterrey,"Av. Eugenio Garza Sada 2501 Sur, Tecnológico, 64849 Monterrey, N.L., Mexico",Mexico
Tel Aviv University,"Chaim Levanon St 55, Tel Aviv-Yafo, 6997801, Israel",Israel
Télécom Paris,"19 Pl. Marguerite Perey, 91120 Palaiseau, France",France
Telenor,"Fornebu, Norway",Norway
Tencent,"Shenzhen, China",China
Terma,"Sydmarken 44A, 2860 Søborg",Denmark
Texas Tech University,"2500 Broadway W, Lubbock, TX 79409, USA",USA
The Alan Turing Institute,"British Library, 96 Euston Rd., London NW1 2DB, UK",UK
The Alliance Manchester Business School,"Booth St W, Manchester M15 6PB, UK",UK
The Boeing Company,"Arlington County, Virginia, USA",USA
The Danish Agency for Labour Market and Recruitment,"Njalsgade 72A, 2300 Copenhagen S, Denmark",Denmark
The Eye Tribe Aps,"1 Hacker Way, Menlo Park, CA 94025, US",USA
The French National Institute for Computer Science (INRIA),"Domaine de Voluceau, 78150 Le Chesnay-Rocquencourt, France",France
The Hong Kong Polytechnic University,"11 Yuk Choi Rd, Hung Hom, Hong Kong",Hong Kong
The Hong Kong University of Science and Technology,"Clear Water Bay, Hong Kong",Hong Kong
The Honourable Society of Lincoln's Inn,"The Treasury Office, Lincoln's Inn, London WC2A 3TL, UK",UK
The IMDEA Software Institute,"Campus de Montegancedo s/n, 28223 Pozuelo de Alarcón, Madrid, Spain",Spain
The Indian Ministry of Education,"126-C, Shastri Bhawan, New Delhi, India",India
The London School of Economics and Political Science,"Houghton St, London WC2A 2AE, UK",UK
The Media Museum,"Pictureville, Bradford BD1 1NQ, UK",UK
"The National Center for Epilepsy, Rikshospitalet, University Hospital, Sandvika, Norway","G.F. Henriksens vei 23, 1337 Sandvika, Norway",Norway
The National Research Council of Canada Industrial Research Assistance Program,"1200 Montreal Road, Building M-58, Ottawa, Ontario K1A 0R6, Canada",Canada
The New Centre for Research and Practice,"417 Broadmoor Ave SE, Kentwood, MI 49512, US",USA
The Ohio State University,"281 W Lane Ave, Columbus, OH 43210, USA",USA
The Open University,"Walton Hall, Kents Hill, Milton Keynes MK7 6AA, UK",UK
The San Francisco Museum of Modern Art,"151 3rd St, San Francisco, CA 94103, USA",USA
The Swedish National Road and Transport Research Institute (VTI),"Olaus Magnus väg 35, 581 95 Linköping, Sweden",Sweden
The University of Auckland,"34 Princes Street, Auckland CBD, Auckland 1010, New Zealand",New Zealand
The University of Chicago,"5801 S Ellis Ave, Chicago, IL 60637, USA",USA
The University of Hong Kong,"Pok Fu Lam, Hong Kong",Hong Kong
The University of Queensland,"St Lucia Campus, Brisbane, Queensland 4072, Australia",Australia
The University of Sydney,"Camperdown NSW 2050, Australia",Australia
The University of Tokyo,"7 Chome-3-1 Hongo, Bunkyo City, Tokyo 113-8654, Japan",Japan
TigerBeetle,"San Francisco CA 94114, US",USA
Tilburg University,"Warandelaan 2, 5037 AB Tilburg, Netherlands",Netherlands
Tokyo Institute of Technology,"2 Chome-12-1 Ookayama, Meguro City, Tokyo 152-8550, Japan",Japan
Tokyo Metropolitan University,"Japan, 〒192-0397 Tokyo, Hachioji, Minamiosawa, 1 Chome−１",Japan
Toyota Technological Institute at Chicago,"6045 S Kenwood Ave, Chicago, IL 60637, USA",USA
Transmedia Storyteller Ltd,"71-75 Shelton Street, Covent Garden, London, WC2H 9JQ, UK",UK
Troyes University of Technology,"12 Rue Marie Curie, 10300 Troyes, France",France
TU Dortmund University,"Poststelle: August-Schmidt-Straße 1 Rektorat:, August-Schmidt-Straße 4, 44227 Dortmund, Germany",Germany
TU Dresden,"01069 Dresden, Germany",Germany
Tübingen AI Center,"Maria-von-Linden-Straße 6, 72076 Tübingen, Germany",Germany
Tufts University,"419 Boston Ave, Medford, MA 02155, USA",USA
UAE University,Sheik Khalifa Bin Zayed St - 'Asharij - Abu Dhabi - United Arab Emirates,United Arab Emirates
UC Leuven-Limburg,"Gebouw B, Agoralaan, 3590 Diepenbeek, Belgium",Belgium
U-Hopper,"Via Roberto da Sanseverino, 95, 38122 Trento TN, Italy",Italy
Ulm University,"Helmholtzstraße 16, 89081 Ulm, Germany",Germany
Umeå University,"UNIVERSITETSTORGET 4, 901 87 Umeå, Sweden",Sweden
UNICEF,"New York, New York, USA",USA
Unisys A/S,"Lautrupvang 1, 2750 Ballerup, Denmark",Denmark
UNITEC Institute of Technology,"Building 180/139 Carrington Road, Mount Albert, Auckland 1025, New Zealand",New Zealand
United Arab Emirates University,Sheik Khalifa Bin Zayed St - 'Asharij - Abu Dhabi - United Arab Emirates,United Arab Emirates
"Universidad Católica ""Nuestra Señora de la Asunción""","P999+M5X, Cordillera de Amambay casi, Comuneros, Asunción, Paraguay",Paraguay
Universidad de los Andes,"Monseñor Álvaro del Portillo 12455, Santiago, Las Condes, Región Metropolitana, Chile",Chile
Universidad Nacional de Tres de Febrero,"Valentín Gómez 4828, B1674AHJ Caseros, Buenos Aires, Argentina",Argentina
Universidad Pompeu Fabra,"Carrer de la Mercè, 12, Ciutat Vella, 08002 Barcelona, Spain",Spain
Universidad Pontificia de Comillas,"C. de Alberto Aguilera, 23, Centro, 28015 Madrid, Spain",Spain
Universidade da Coruña,"A Coruña, Spain",Spain
Universidade Federal de Minas Gerais,"Av. Pres. Antônio Carlos, 6627 - Pampulha, Belo Horizonte - MG, 31270-901, Brazil",Brazil
Universita' degli Studi de Urbino Carlo Bo,"Via Aurelio Saffi, 2, 61029 Urbino PU, Italy",Italy
Università della Svizzera italiana,"Via Giuseppe Buffi 13, 6900 Lugano, Switzerland",Switzerland
Universität der Bundeswehr München,"Werner-Heisenberg-Weg 393GEB, 85579 Neubiberg, Germany",Germany
Universität für Bodenkultur Wien,"Gregor-Mendel-Straße 33, 1180 Wien, Austria",Austria
UNIVERSITAT JAUME I,"Avinguda de Vicent Sos Baynat, s/n, 12006 Castelló de la Plana, Castelló, Spain",Spain
Universität Mannheim,"Schloss Ehrenhof Ost, 68161 Mannheim, Germany",Germany
Universität Potsdam,"Am Neuen Palais 10, 14469 Potsdam, Germany",Germany
Universitat Wien,"Universitätsring 1, 1010 Wien, Austria",Austria
Université catholique de Louvain,"Pl. de l'Université 1, 1348 Ottignies-Louvain-la-Neuve, Belgium",Belgium
Universite Cote d'Azur,"Av. Valrose, 06000 Nice, France",France
Université d’Orléans,"Château de la Source, 45100 Orléans, France",France
"Université de Lyon, CNRS","Université de Lyon, 92 Rue Pasteur, 69007 Lyon, France",France
Universite du Luxembourg,"2 Av. de l'Universite L, 4365, Esch-Belval Esch-sur-Alzette, Luxembourg",Luxembourg
Université Le Havre Normandie,"25 Rue Philippe Lebon, 76600 Le Havre, France",France
Université Paris-Saclay,"3 Rue Joliot-Curie, 91190 Gif-sur-Yvette, France",France
University College Absalon,"Parkvej 190, 4700 Næstved",Denmark
University College Copenhagen,"Sigurdsgade 26, 2200 Copenhagen N, Denmark",Denmark
University College Cork,"College Rd, University College, Cork, Ireland",Ireland
University College Dublin,"University College Dublin, Belfield, Dublin 4, Ireland",Ireland
University College London,"Gower St, London WC1E 6BT, UK",UK
University College London - Institute of Education,"20 Bedford Way, London WC1H 0AL, UK",UK
University College Southern Denmark,"Degnevej 16, 6705 Esbjerg, Denmark",Denmark
University Grenoble Alpes,"621 Av. Centrale, 38400 Saint-Martin-d'Hères, France",France
University Libre du Bruxelles,"Av. Franklin Roosevelt 50, 1050 Bruxelles, Belgium",Belgium
University of  Urbino Carlo Bo,"Via Aurelio Saffi, 2, 61029 Urbino PU, Italy",Italy
University of A Coruna,"Campus, 15008 A Coruña, Spain",Spain
University of Aberdeen,"King's College, Aberdeen AB24 3FX, UK",UK
University of Adelaide,"Adelaide SA 5005, Australia",Australia
University of Agder,"Campus Kristiansand, Universitetsveien 25, 4630 Kristiansand, Norway",Norway
University of Alberta,"116 St & 85 Ave, Edmonton, AB T6G 2R3, Canada",Canada
University of Amsterdam,"1012 WP Amsterdam, Netherlands",Netherlands
University of Antwerp,"Prinsstraat 13, 2000 Antwerpen, Belgium",Belgium
University of Applied Arts Vienna,"Oskar Kokoschka-Platz 2, 1010 Wien, Austria",Austria
University of Applied Sciences and Arts Northwestern Switzerland,"Bahnhofstrasse 6, 5210 Windisch, Switzerland",Switzerland
University of Applied Sciences Baden-Württemberg Lörrach,"Hübelweg 8, 79539 Lörrach, Germany",Germany
University of Applied Sciences Upper Austria,"Roseggerstraße 15, 4600 Wels, Austria",Austria
University of Arkansas,"Fayetteville, AR 72701, USA",USA
University of Aveiro,"Universidade de Aveiro, 3810-193 Aveiro, Portugal",Portugal
University of Barcelona,"Gran Via de les Corts Catalanes, 585, L'Eixample, 08007 Barcelona, Spain",Spain
University of Bari,"Piazza Umberto I, 1, 70121 Bari BA, Italy",Italy
University of Basel,"Peterspl. 1, 4001 Basel, Switzerland",Switzerland
University of Bayreuth,"Universitätsstraße 30, 95447 Bayreuth, Germany",Germany
University of Bergen,"5007 Bergen, Norway",Norway
University of Bern,"Hochschulstrasse 4, 3012 Bern, Switzerland",Switzerland
University of Birmingham,"Birmingham B15 2TT, UK",UK
University of Bologna,"Via Zamboni, 33, 40126 Bologna BO, Italy",Italy
University of Bonn,"Regina-Pacis-Weg 3, 53113 Bonn, Germany",Germany
University of Borås,"Allégatan 1, 503 32 Borås, Sweden",Sweden
University of Bremen,"Bibliothekstraße 1, 28359 Bremen, Germany",Germany
University of Bristol,"Beacon House, Queens Rd, Bristol BS8 1QU, UK",UK
University of British Columbia,"2329 West Mall, Vancouver, BC V6T 1Z4, Canada",Canada
University of Calabria,"Via Pietro Bucci, 87036 Arcavacata CS, Italy",Italy
University of Calgary,"2500 University Dr NW, Calgary, AB T2N 1N4, Canada",Canada
University of California,"1111 Franklin St, Oakland, CA 94607, USA",USA
University of Cambridge,"The Old Schools, Trinity Ln, Cambridge CB2 1TN, UK",UK
University of Cape Town,"Rondebosch, Cape Town, 7700, South Africa",South Africa
University of Castilla-La Mancha,"Rectorado UCLM, C. Altagracia, 50, 13001 Ciudad Real, Spain",Spain
University of Catalonia/URV,"Carrer de l'Escorxador, 43003 Tarragona, Catalonia, Spain",Spain
University of Cauca,"Cl 5 #4-70, Centro, Popayán, Cauca, Colombia",Colombia
University of Central Florida,"4000 Central Florida Blvd, Orlando, FL 32816, USA",USA
University of Chemistry and Technology Prague,"Technická 5, 160 00 Praha 6-Dejvice, Czechia",Czechia
University of Cincinnati,"2600 Clifton Avenue, Cincinnati, OH 45221, USA",USA
University of Coimbra,"3004-531 Coimbra, Portugal",Portugal
University of Cologne,"Albertus-Magnus-Platz, 50923 Köln, Germany",Germany
University of Colorado,"1420 Austin Bluffs Parkway, Colorado Springs, CO 80918, USA",USA
University of Copenhagen,"Nørregade 10, 1172 København",Denmark
University of Costa Rica,"San Pedro de Montes de Oca, 11501-2060 San José, Costa Rica",Costa Rica
University of Derby,"Kedleston Rd, Derby DE22 1GB, UK",UK
University of Duisburg-Essen,"Forsthausweg 2, 47057 Duisburg, Germany",Germany
University of East Anglia,"Research Park, Norwich NR4 7TJ, UK",UK
University of East London,"University Way, London E16 2RD, UK",UK
University of Eastern Finland,"Microkatu 1, 70210 Kuopio, Finland",Finland
University of Edinburgh,"Old College, South Bridge, Edinburgh EH8 9YL, UK",UK
University of Education Weingarten,"Kirchpl. 2, 88250 Weingarten, Germany",Germany
University of Fort Hare,"University of Fort Hare Alice Campus, Ring Road, Dikeni, 5700, South Africa",South Africa
University of Fribourg,"Av. de l'Europe 20, 1700 Fribourg, Switzerland",Switzerland
University of Geneva,"1205 Geneva, Switzerland",Switzerland
University of Genoa,"Genoa, Italy",Italy
University of Gent,"Ufo-building, Campus Ufo, Sint-Pietersnieuwstraat 33, 9000 Gent, Belgium",Belgium
University of Georgia,"University of Georgia Chapel, Herty Dr, Athens, GA 30602, USA",USA
University of Ghana,"Legon Boundary, Accra, Ghana",Ghana
University of Glasgow,"Glasgow G12 8QQ, UK",UK
University of Gothenburg,"Universitetsplatsen 1, 405 30 Göteborg, Sweden",Sweden
University of Granada,"Av. del Hospicio, s/n, 18071 Granada, Spain",Spain
University of Graz,"Universitätspl. 3, 8010 Graz, Austria",Austria
University of Groningen,"Broerstraat 5, 9712 CP Groningen, Netherlands",Netherlands
University of Hagen,"Universitätsstraße 11, 58097 Hagen, Germany",Germany
University of Hamburg,"Mittelweg 177, 20148 Hamburg, Germany",Germany
University of Hawaii,"2500 Campus Rd, Honolulu, HI 96822, USA",USA
University of Helsinki,"Yliopistonkatu 4, 00100 Helsinki, Finland",Finland
University of Hildesheim,"Universitätspl. 1, 31141 Hildesheim, Germany",Germany
University of Hohenheim,"Schloß Hohenheim 1, 70599 Stuttgart, Germany",Germany
University of Houston,"4302 University Dr, Houston, TX 77004, USA",USA
University of Illinois,"601 E John St, Champaign, IL 61820, USA",USA
University of Innsbruck,"Innrain 52, 6020 Innsbruck, Austria",Austria
University of Ioannina,"T.Th.1186, T.K, CampusIoannina University, Ioannina 451 10, Greece",Greece
University of Jyväskylä,"Seminaarinkatu 15, 40014 Jyväskylän yliopisto, Finland",Finland
University of Kent,"Giles Ln, Canterbury CT2 7NZ, UK",UK
University of Klagenfurt,"Universitätsstraße 65/67, 9020 Klagenfurt am Wörthersee, Austria",Austria
University of Koblenz,"Universitätsstraße 1, 56070 Koblenz, Germany",Germany
University of Konstanz,"Universitätsstraße 10, 78464 Konstanz, Germany",Germany
University of Lapland,"Yliopistonkatu 8, 96300 Rovaniemi, Finland",Finland
University of Leeds,"Woodhouse, Leeds LS2 9JT, UK",UK
University of Leicester,"University Rd, Leicester LE1 7RH, UK",UK
University of Leon,"Avenida de la Facultad, 25, 24004 León, Spain",Spain
University of Liechtenstein,"Fürst-Franz-Josef-Strasse, 9490 Vaduz, Liechtenstein",Liechtenstein
University of Limerick,"Castletroy, Co. Limerick, V94 T9PX, Ireland",Ireland
University of Limmerick,"Castletroy, Co. Limerick, V94 T9PX, Ireland",Ireland
University of Lisbon,"Cidade Universitária, Alameda da Universidade, 1649-004 Lisboa, Portugal",Portugal
University of Liverpool,"Foundation Building, Brownlow Hill, Liverpool L69 7ZX, UK",UK
University of Ljubljana,"Kongresni trg 12, 1000 Ljubljana, Slovenia",Slovenia
University of London,"Senate House, Malet St, London WC1E 7HU, UK",UK
University of Lübeck,"Ratzeburger Allee 160, 23562 Lübeck, Germany",Germany
University of Lugano,"Via Giuseppe Buffi 13, 6900 Lugano, Switzerland",Switzerland
University of Luxembourg,"2 Av. de l'Universite L, 4365, Esch-Belval Esch-sur-Alzette, Luxembourg",Luxembourg
University of Malta,"Msida MSD 2080, Malta",Malta
University of Manchester,"Oxford Rd, Manchester M13 9PL, UK",UK
University of Manitoba,"66 Chancellors Cir, Winnipeg, MB R3T 2N2, Canada",Canada
University of Mannheim,"Schloss Ehrenhof Ost, 68161 Mannheim, Germany",Germany
University of Maribor,"Slomškov trg 15, 2000 Maribor, Slovenia",Slovenia
University of Maryland,"College Park, MD 20742, USA",USA
University of Massachusetts,"181 President Dr, Amherst, MA 01003, USA",USA
University of Melbourne,"Parkville VIC 3052, Australia",Australia
University of Miami,"1320 S Dixie Hwy, Coral Gables, FL 33146, USA",USA
University of Michigan,"500 S State St, Ann Arbor, MI 48109, USA",USA
University of Milan,"Via Festa del Perdono, 7, 20122 Milano MI, Italy",Italy
University of Milano-Bicocca,"Piazza dell'Ateneo Nuovo, 1, 20126 Milano MI, Italy",Italy
University of Montpellier,"163 Rue Auguste Broussonnet, 34090 Montpellier, France",France
University of Münster,"Schlosspl. 2, 48149 Münster, Germany",Germany
University of Murcia,"C. Campus Universitario, 11, 30100 Murcia, Spain",Spain
University of Namur,"Rue de Bruxelles 61, 5000 Namur, Belgium",Belgium
University of Navarra,"Pamplona, Spain",Spain
University of Nebraska,"1400 R St, Lincoln, NE 68588, USA",USA
University of Nevada,"1664 N Virginia St, Reno, NV 89557, USA",USA
University of New South Wales,"Sydney NSW 2052, Australia",Australia
University of Nigeria,"Obukpa Rd, Nsukka 410105, Enugu, Nigeria",Nigeria
University of North Carolina,"Chapel Hill, NC 27599, USA",USA
University of Notre Dame,"Holy Cross Dr, Notre Dame, IN 46556, USA",USA
University of Nottingham,"Nottingham NG7 2RD, UK",UK
University of Oslo,"Problemveien 11, 0313 Oslo, Norway",Norway
University of Otago,"362 Leith Street, Dunedin North, Dunedin 9016, New Zealand",New Zealand
University of Ottawa,"75 Laurier Ave E, Ottawa, ON K1N 6N5, Canada",Canada
University of Oulu,"Pentti Kaiteran katu 1, 90570 Oulu, Finland",Finland
University of Oxford,"Wellington Square, Oxford OX1 2JD, UK",UK
University of Padova,"Via VIII Febbraio, 2, 35122 Padova PD, Italy",Italy
University of Padua,"Via VIII Febbraio, 2, 35122 Padova PD, Italy",Italy
University of Passau,"Innstraße 41, 94032 Passau, Germany",Germany
University of Pittsburgh,"4200 Fifth Ave, Pittsburgh, PA 15260, USA",USA
University of Plymouth,"Drake Circus, Plymouth PL4 8AA, UK",UK
"University of Porto, Faculty of Fine Arts","Av. de Rodrigues de Freitas 265, 4049–021 Porto, Portugal",Portugal
University of Primorska,"Praetorian Palace, Titov trg 4, 6000 Koper, Slovenia",Slovenia
University of Quebec Montreal,"405 Rue Sainte-Catherine Est, Montréal, QC H2L 2C4, Canada",Canada
University of Regensburg,"Universitätsstraße 31, 93053 Regensburg, Germany",Germany
University of Rochester,"Rochester, NY, USA",USA
University of Rome Tor Vergata,"Via Cracovia, 90, 00133 Roma RM, Italy",Italy
University of Rostock,"18051 Rostock, Germany",Germany
University of Salamanca,"Patio de Escuelas, 1, 37008 Salamanca, Spain",Spain
University of Salzburg,"Kapitelgasse 4/6, 5020 Salzburg, Austria",Austria
University of São Paulo,"R. da Reitoria, 374 - Butantã, São Paulo - SP, 05508-220, Brazil",Brazil
University of Sassari,"Piazza Università, 21, 07100 Sassari SS, Italy",Italy
University of Seville,"C. San Fernando, 4, 41004 Sevilla, Spain",Spain
University of Sheffield,"Western Bank, Sheffield S10 2TN, UK",UK
University of Siegen,"Adolf-Reichwein-Straße 2a, 57076 Siegen, Germany",Germany
University of Siena,"Via Banchi di Sotto, 55, 53100 Siena, Italy",Italy
University of South Africa,"P.O. Box 392, Pretoria, 0003, South Africa",South Africa
University of South Florida,"4202 E Fowler Ave, Tampa, FL 33620, USA",USA
University of South-Eastern Norway,"Lærerskoleveien 40, 3679 Notodden, Norway",Norway
University of Southern California,"Los Angeles, CA 90007, USA",USA
University of Southern Denmark,"Campusvej 55, 5230 Odense",Denmark
University of St Andrews,"St Andrews KY16 9AJ, UK",UK
University of St. Gallen,"Dufourstrasse 50, 9000 St. Gallen, Switzerland",Switzerland
University of Stavanger,"Kjell Arholms gate 41, 4021 Stavanger, Norway",Norway
University of Stirling,"Stirling FK9 4LA, UK",UK
University of Strathclyde,"16 Richmond St, Glasgow G1 1XQ, UK",UK
University of Stuttgart,"Keplerstraße 7, 70174 Stuttgart, Germany",Germany
University of Sussex,"Falmer, Brighton BN1 9RH, UK",UK
University of Tartu,"Ülikooli 18, 50090 Tartu, Estonia",Estonia
University of Tasmania,"Churchill Ave, Hobart TAS 7005, Australia",Australia
"University of Technology, Sydney","15 Broadway, Ultimo NSW 2007, Australia",Australia
University of Texas,"2515 Speedway, Austin, TX 78712, USA",USA
University of the Americas,"Av. de los Granados E12-41 y Colimes, Quito, Ecuador",Ecuador
University of the Free State,"205 Nelson Mandela Dr, Park West, Bloemfontein, 9301, South Africa",South Africa
University of the West of England,"Coldharbour Ln, Stoke Gifford, Bristol BS16 1QY, UK",UK
University of Torino,"Via Giuseppe Verdi, 8, 10124 Torino TO, Italy",Italy
University of Toronto,"27 King's College Cir, Toronto, ON M5S 1A1, Canada",Canada
University of Trento,"Via Calepina, 14, 38122 Trento TN, Italy",Italy
University of Tromsø – The Arctic University of Norway,"Hansine Hansens veg 18, 9019 Tromsø, Norway",Norway
University of Turin,"Via Giuseppe Verdi, 8, 10124 Torino TO, Italy",Italy
University of Turku,"20014 Turku, Finland",Finland
University of Twente,"Drienerlolaan 5, 7522 NB Enschede, Netherlands",Netherlands
University of Vaasa,"Wolffintie 32, 65200 Vaasa, Finland",Finland
University of Valencia,"Av. de Blasco Ibáñez, 13, El Pla del Real, 46010 València, Valencia, Spain",Spain
University of Versailles,"Siège, 55 Av. de Paris, 78000 Versailles, France",France
University of Victoria,"3800 Finnerty Rd, Victoria, BC V8P 5C2, Canada",Canada
University of Vienna,"Universitätsring 1, 1010 Wien, Austria",Austria
University of Vigo,"Circunvalación ao Campus Universitario, 36310 Vigo, Pontevedra, Spain",Spain
University of Virginia,"Charlottesville, VA, USA",USA
University of Warsaw,"Krakowskie Przedmieście 26/28, 00-927 Warszawa, Poland",Poland
University of Warwick,"Coventry CV4 7AL, UK",UK
University of Washington,"1410 NE Campus Pkwy, Seattle, WA 98195, USA",USA
University of Waterloo,"200 University Ave W, Waterloo, ON N2L 3G1, Canada",Canada
University of West London,"St Mary's Rd, London W5 5RF, UK",UK
University of Wisconsin-Madison,"500 Lincoln Dr, Madison, WI 53706, USA",USA
University of Wolverhampton,"Wulfruna St, Wolverhampton WV1 1LY, UK",UK
University of York,"Heslington, York YO10 5DD, UK",UK
University of Zagreb,"Ul. Radoslava Cimermana 88, 10000, Zagreb, Croatia",Croatia
University of Zurich,"Rämistrasse 71, 8006 Zürich, Switzerland",Switzerland
University Savoie Mont Blanc,"27 Rue Marcoz, 73000 Chambéry, France",France
University West,"Gustava Melins gata 2, 461 32 Trollhättan, Sweden",Sweden
Uppsala University,"753 10 Uppsala, Sweden",Sweden
USA Military Academy,"606 Thayer Rd, West Point, NY 10996, USA",USA
UTI Research Group,"Augasse 2-6, 1090 Wien, Austria",Austria
Utrecht University,"Heidelberglaan 8, 3584 CS Utrecht, Netherlands",Netherlands
Vale Institute of Technology,"Rua Boaventura da Silva, 955, Nazaré, Belém, Pará, 66055-090, Brazil",Brazil
Vanderbilt University,"2201 West End Ave, Nashville, TN 37235, USA",USA
Vector Consulting Services,"Ingersheimer Str. 20, 70499 Stuttgart, Germany",Germany
Vendsyssel Hospital,"Bispensgade 37, 9800 Hjørring, Denmark",Denmark
Verband für Digitalisierung in der Sozialwirtschaft,"Schwalbenweg 5, 06110 Halle, Germany",Germany
Victoria University of Wellington,"Kelburn Parade, Kelburn, Wellington 6012, New Zealand",New Zealand
Videntifier,"Borgartún 31, 105 Reykjavik, Iceland",Iceland
Vienna University of Technology,"1040 Vienna, Austria",Austria
Villanova University,"800 Lancaster Ave, Villanova, PA 19085, USA",USA
Villum Foundation,"Tuborg Havnevej 19, 2900 Hellerup, Denmark",Denmark
Virginia Polytechnic Institute and State University,"Blacksburg, VA 24061, USA",USA
Virtual Vehicle Research Center,"Inffeldgasse 21a, 8010 Graz, Austria",Austria
Vishwakarma Institute of Technology,"VISHWAKARMA INSTITUTE OF TECHNOLOGY VIT, Upper Indira Nagar, Bibwewadi, Pune, Maharashtra 411037, India",India
Visualising Data Ltd,"41 Talbot Rd, Roundhay, Leeds LS8 1AG, UK",UK
Vivantes Klinikum im Friedrichshain,"Landsberger Allee 49, 10249 Berlin, Germany",Germany
VMware Research,"3401 Hillview Ave, Palo Alto, CA 94304, USA",USA
VNG AG,"Leipzig, Germany",Germany
Vrije University Amsterdam,"De Boelelaan 1105, 1081 HV Amsterdam, Netherlands",Netherlands
Wageningen University & Research,"Droevendaalsesteeg 4, 6708 PB Wageningen, Netherlands",Netherlands
Warsaw University of Technology,"plac Politechniki 1, 00-661 Warszawa, Poland",Poland
Warwick Business School,"University Of Warwick, Scarman Rd, Coventry CV4 7AL, UK",UK
Washington University in St. Louis,"1 Brookings Dr, St. Louis, MO 63130, USA",USA
Wayne State University,"42 W Warren Ave, Detroit, MI 48202, USA",USA
Weizmann Institute,"Herzl St 234, Rehovot, Israel",Israel
Wellesley College,"106 Central St, Wellesley, MA 02481, USA",USA
Welthungerhilf,"Friedrich-Ebert-Straße 1, 53173 Bonn, Germany",Germany
Westerdals Oslo School of Arts,"Vulkan 19, 0178 Oslo, Norway",Norway
Western Norway University of Applied Sciences,"Inndalsveien 28, 5063 Bergen, Norway",Norway
"Wipro Academy of Enterprise Architecture. Wipro Ltd., Bangalore","Doddakannelli, Sarjapur Road, Bangalore, Karnataka 560035, India",India
Wirtschaftsuniversität Wien,"Welthandelspl. 1, 1020 Wien, Austria",Austria
"World Maritime University, Malmö","Fiskehamnsgatan 1, 211 18 Malmö, Sweden",Sweden
World Resources Forum,"Lerchenfeldstr. 5, 9014 St. Gallen, Switzerland",Switzerland
Yahoo Labs,"701 First Avenue, Sunnyvale, CA 94089, USA",USA
Yale University,"New Haven, CT 06520, USA",USA
Yandex,"Ulitsa Lva Tolstogo 16, Moscow, Russia",Russia
Yonsei University,"50 Yonsei-ro, Seodaemun-gu, Seoul, South Korea",South Korea
York University,"Heslington, York YO10 5DD, UK",UK
Zengo,"Derech Menachem Begin 121-123, Tel Aviv, Israel",Israel
ZURCHER HOCHSCHULE FUR ANGEWANDTE WISSENSCHAFTEN,"Gertrudstrasse 15, 8400 Winterthur, Switzerland",Switzerland
Zurich University of the Arts,"Pfingstweidstrasse 96, 8005 Zürich, Switzerland",Switzerland